song_title;album_category;choice_theme;main_themes
Welcome to New York;1989;what_life_is_like;friendship, leaving one’s old life behind 
Blank Space;1989;what_life_is_like;romantic relationship issue, human self-reflection
Shake It Off;1989;what_life_is_like;hatred of exceptional people , becoming a more self-assured person
Jump Then Fall;Fearless;romantic love;infatuation, young lovers
Untouchable;Fearless;romantic love;secret crush , human dreaming
Hey Stephen;Fearless;romantic love;obsessive love, unrequited love
I Forgot That You Existed;Lover;romantic relationship;betrayal , coping with humiliation
Cruel Summer;Lover;romantic relationship;romantic relationship issue, love-hate relationship
Cornelia Street;Lover;romantic relationship;fear of abandonment, romantic love
Lavender Haze;Midnights;personal human experience;conformism in society,  romantic relationship
Glitch;Midnights;personal human experience;love vs. friendship , female attraction to bad men
Paris;Midnights;personal human experience;romantic love , withdrawal from society 
Maroon;Midnights;personal human experience;disintegrating romantic relationship , coping with memories of a lost love
State of Grace;Red;disintegrating romantic relationship;better to have loved and lost, love conquers all
Come Back... Be Here;Red;disintegrating romantic relationship;letting go of a lover, coping with being separated from someone you love
Begin Again;Red;disintegrating romantic relationship;letting go of a lover , romantic love
Mine;Speak Now;coming of age;carefree way of life , young lovers
Sparks Fly;Speak Now;coming of age;female attraction to bad men, young lovers
Mean;Speak Now;coming of age;standing up to a bully, becoming a more self-assured person
Mary's Song (Oh My My My);Taylor Swift;adolescence;young lovers, male-female bonding 
I'm Only Me When I'm With You;Taylor Swift;adolescence;young lovers, infatuation
willow;evermore;romantic relationship;inattentive male partner,feeling neglected in a relationship
champagne problems;evermore;romantic relationship;fear of commitment, remorse
no body, no crime (Ft. HAIM);evermore;romantic relationship;extramarital affair, spouse murder
the 1;folklore;personal human experience;coping with being separated from someone you love, letting go of a lover
cardigan;folklore;personal human experience;coping with being separated from someone you love, nostalgic love
mirrorball;folklore;personal human experience;human self-reflection, conformism in society
King of My Heart;reputation;romantic relationship;epic love, romantic love
Dress;reputation;romantic relationship;flirtation, love vs. friendship