Cluster 0,Cluster 1,Cluster 2,Cluster 3,Cluster 4,Cluster 5,Cluster 6,Cluster 7,Cluster 8
A Place In This World,Tim McGraw,Picture to Burn,Teardrops On My Guitar,A Perfectly Good Heart,Cold as You,The Outside,Mine,SuperStar
I'm Only Me When I'm With You,Tied Together with a Smile,Should've Said No,The Other Side Of The Door,Untouchable,Never Grow Up,Breathe (Ft. Colbie Caillat),Back to December,Haunted
Jump Then Fall,Stay Beautiful,Mary's Song (Oh My My My),You're Not Sorry,Mean,Long Live,Change,State of Grace,I Almost Do
Fearless,Love Story,Our Song,Sparks Fly,Enchanted,Ours,The Story Of Us,Starlight,We Are Never Ever Getting Back Together
Fifteen,Hey Stephen,Invisible,If This Was a Movie,Superman,All Too Well,Innocent,Come Back... Be Here,Holy Ground
You Belong With Me,The Way I Loved You,Come In With the Rain,Stay Stay Stay,Red,State of Grace (Acoustic Version),Last Kiss,Welcome to New York,The Lucky One
Tell Me Why,Girl at Home,White Horse,All You Had To Do Was Stay,Treacherous,This Is Why We Can’t Have Nice Things,22,Shake It Off,Bad Blood
Dear John,Blank Space,Forever & Always,This Love,Call It What You Want,Cruel Summer,Everything Has Changed (Ft. Ed Sheeran),I Wish You Would,Dancing With Our Hands Tied
Begin Again,Clean,The Best Day,I Know Places,Lover,Paper Rings,Out Of The Woods,Wonderland,I Forgot That You Existed
Wildest Dreams,Delicate,Speak Now,...Ready for It?,my tears ricochet,right where you left me,You Are In Love,New Year's Day,I Think He Knows
So It Goes...,Gorgeous,Better Than Revenge,End Game (Ft. Ed Sheeran & Future),hoax,Lavender Haze,New Romantics,the 1,Miss Americana & The Heartbreak Prince
Getaway Car,King of My Heart,I Knew You Were Trouble,The Archer,the lakes,Midnight Rain,I Did Something Bad,exile (Ft. Bon Iver),Soon You'll Get Better (Ft. The Chicks)
It's Nice To Have A Friend,Dress,The Last Time (Ft. Gary Lightbody),Daylight,evermore (Ft. Bon Iver),,Look What You Made Me Do,seven,False God
cardigan,Cornelia Street,Sad Beautiful Tragic,invisible string,"Would've, Could've, Should've",,The Man,illicit affairs,this is me trying
closure,Death By A Thousand Cuts,The Moment I Knew,gold rush,,,You Need To Calm Down,"no body, no crime (Ft. HAIM)",willow
Bejeweled,London Boy,Style,tolerate it,,,the last great american dynasty,ivy,cowboy like me
Sweet Nothing,Afterglow,How You Get The Girl,happiness,,,peace,it's time to go,marjorie
The Great War,ME! (Ft. Brendon Urie),Don't Blame Me,coney island (Ft. The National),,,Question...?,Dear Reader,Maroon
Glitch,mirrorball,august,long story short,,,Labyrinth,,Anti-Hero
,champagne problems,mad woman,"You're On Your Own, Kid",,,,,Vigilante Shit
,dorothea,epiphany,Bigger Than The Whole Sky,,,,,
,Snow On The Beach (Ft. Lana Del Rey),betty,High Infidelity,,,,,
,Karma,'tis the damn season,,,,,,
,Mastermind,Anti-Hero (Remix),,,,,,
,Paris,Picture to Burn (Alternate Version),,,,,,
